{"intents": [
        {"tag": "greeting",
         "patterns": ["Hi",
                      "How are you",
                      "I need to talk to someone!",
                      "Is anyone there?",
                      "Hello",
                      "Good day",
                      "Whats up",
                      "I need help",
                      "I cant take it anymore",
                      "I need someone to listen to me",
                      "hey"],
         "responses": ["Hello! How are you doing today?",
                       "Hello, this is Bubble, your beloved Therapist. Come on, let's talk!",
                       "Good to see you! Let's begin today's session",
                       "Hi there, how can I help?",
                       "Is there something you want to talk about? Bubble is here for you!",
                       "Do you want to talk about something?",
                       "I am here to help you, we can talk about your feelings",
                       "Hey I am Bubble, your very own Therapist! Feel free to talk about anything",
                       "Hi its Bubble, your personal Therapist! Let's talk :)"],
         "context_set": ""
        },
        {"tag": "goodbye",
         "patterns": ["Goodbye! This was helpful!",
                      "Bye",
                      "byebye",
                      "I have to go",
                      "I should go thanks for talking."],
         "responses": ["Goodbye, I hope you will take better care of yourself. Looking forward to our next session.",
                       " I Hope Bubble the Therapist was helpful to you! Let's talk soon!",
                       "See you later, don't forget what we talked about today! I hope you would feel better after talking to me!",
                       "I hope you feel better after talking! Take care of yourself, and remember to check in soon!",
                       "Goodbye, Hope you have a good day ahead :)"],
         "context_set": ""
        },
        {"tag": "bad",
         "patterns": ["I cant help but feel like a failure",
                      "I am sad",
                      "I am struggling a lot in my daily life",
                      "I hate my life",
                      "I think I might be depressed",
                      "I am not doing so great",
                      "I am not good",
                      "I am not well",
                      "I have been feeling down lately",
                      "I do not feel good these days.",
                      "I just feel so stuck these days",
                      "I feel worthless, I do not know what to do",
                      "Sometimes I get sad for no particular reason, my energy just drops and I lose motivation to do anything"],
         "responses": ["I understand that, It it totally normal to feel low sometimes. Especially in the midst of a global pandemic, this last year has been really hard for everyone and you have had your own struggles. First thing i'd suggest is getting the sleep you need or it will impact how you think and feel . I'd also suggest you to look at your life and find out what is going well in your life and what you can be grateful for . I believe everyone has something in their life to be grateful for. You can figure it out with some help. ","You sound like you have so much on your mind ! I am relieved to hear that you are opening up about your struggles , but not being able to sleep , feeling worthless, and like you shouldn't be here are big issues that need addressing . Please get around to counseling . Having someone to listen to you is a gift to yourself . You deserve the help of someone helping you change your feelings of worthlessness",
           "You seem to be Lost! I would suggest you to start a writing journal, it is really going to help you with understanding your own emotions.", "You have not been able to do this alone, and your don't have to be alone!. It's time to reach out for help to a professional. You can do this ! best to you !"],
         "context_set": ""
        },
        {"tag": "extreme",
         "patterns": ["I cannot talk to anyone. I have attempted suicide before. I need help",
                      "I have suicidal thoughts and tendencies",
                      "I hate myself, I do not want to exist anymore.",
                      "I am depressed, I do not wish to live anymore",
                      "I have no one in my life that I can talk to, I cannot live like this",
                      "I feel worthless all the time. Sometimes I want to end it all",
                      "It feels like the world has come down crumbling around me. I feel helpless",
                      "I feel nothingness in my soul, I have no reason to live",
                      "Suicide",
                      "Everyday is the same, I feel like I cannot come out of this hole I am in. I want to end it all",
                      "I am not capable of love, I am severly depressed"],
         "responses": ["Please understand that you are not alone and it is not too late. You need immediate proffesional attention. I am providing you with some resources, please connect with a professional Therapist. Resources: 1. Suicide Helpline India: 9152987821 2. Help centers for different states: http://www.aasra.info/helpline.html 3. Suicide prevention: https://www.who.int/health-topics/suicide#tab=tab_1", "Listen friend, whatever it is that you are going through, you can get help, you can take control of your life. In my opinion, it is time to reach out for help to a professional. I believe you are in need of proffesional care. Here are some resources to help you out Resources: 1. Suicide Helpline India: 9152987821  Help centers for different states: http://www.aasra.info/helpline.html Suicide prevention: https://www.who.int/health-topics/suicide#tab=tab_1"],
         "context_set": ""
        },
        {"tag": "good",
         "patterns": ["I feel happy!",
                      "I am better than before!",
                      "I am happy!",
                      "I feel good these days",
                      "Today was a good day",
                      "I have found a new light in my life",
                      "I feel like i have a new purpose in life!"],
         "responses": ["Wow that is so great, I am happy our sessions have been working out for you!."],
         "context_set": ""
        },
        {"tag": "quotes",
         "patterns": ["Make me happy",
                      "Cheer me up",
                      "I need to change my mood",
                      "Tell me something",
                      "Tell me some good quotes",
                      "Need some positivity",
                      "Need to hear something good",
                      "I need to cheer up"],
         "responses": [" 'There is love, there is music, there is no limit, there is work, there is the precious sense that this is the hour of grace when all things gather and distil to create the rest of my life. I don’t believe in God, I believe in everything.' ",
                       " 'Tomorrow is always fresh, with no mistakes in it yet' ",
                       " 'Today will be better. Not because the world has dealt you better cards, but because you choose to use them to your advantage. Today, you choose happiness.' ",
                       " 'Happiness is not something ready made. It comes from your own actions.' ",
                       " 'Happiness can be found, even in the darkest of times, if only one remembers to turn on the light.' ",
                       " 'Imagine walking over a ray of sunshine. Everything is warm and full of light and there is a smile, not on your lips, but rather deep inside of you. There is no past or future, time doesn't exist. You feel like you are becoming one with the sun. You're walking through infinity, one step at a time. Turns out happiness was always a part of you, you just had to allow it to break through. And freedom, freedom was just one tiny step in front of you.' ",
                       " 'So far, you have made it through all of your worst days. Well done, Keep going friend!' ",
                       " 'to be kind to all, to like many and love a few, to be needed and wanted by those we love, is certainly the nearest we can come to happiness' ",
                       " 'If happiness visits you again, do not remember it's previous betrayal. Enter into the happiness and burst' ",
                       " 'I had the epiphany that laughter was light, and light was laughter, and that this was the secret of the universe.' "],
         "context_set": ""
        }
   ]
}
